id,name,model_id:id,group_id:id,perm_read,perm_write,perm_create,perm_unlink
access_healthcare_practice_user,healthcare.practice.user,model_healthcare_practice,group_healthcare_user,1,0,0,0
access_healthcare_practice_manager,healthcare.practice.manager,model_healthcare_practice,group_healthcare_manager,1,1,1,0
access_healthcare_practice_admin,healthcare.practice.admin,model_healthcare_practice,group_healthcare_admin,1,1,1,1
access_healthcare_patient_user,healthcare.patient.user,model_healthcare_patient,group_healthcare_user,1,0,0,0
access_healthcare_patient_gp,healthcare.patient.gp,model_healthcare_patient,group_healthcare_gp,1,1,1,0
access_healthcare_patient_coordinator,healthcare.patient.coordinator,model_healthcare_patient,group_healthcare_coordinator,1,1,0,0
access_healthcare_patient_manager,healthcare.patient.manager,model_healthcare_patient,group_healthcare_manager,1,1,1,1
access_healthcare_appointment_user,healthcare.appointment.user,model_healthcare_appointment,group_healthcare_user,1,1,1,0
access_healthcare_appointment_manager,healthcare.appointment.manager,model_healthcare_appointment,group_healthcare_manager,1,1,1,1
access_healthcare_consultation_gp,healthcare.consultation.gp,model_healthcare_consultation,group_healthcare_gp,1,1,1,0
access_healthcare_consultation_manager,healthcare.consultation.manager,model_healthcare_consultation,group_healthcare_manager,1,1,1,1
access_healthcare_care_plan_user,healthcare.care.plan.user,model_healthcare_care_plan,group_healthcare_user,1,0,0,0
access_healthcare_care_plan_coordinator,healthcare.care.plan.coordinator,model_healthcare_care_plan,group_healthcare_coordinator,1,1,1,0
access_healthcare_care_plan_manager,healthcare.care.plan.manager,model_healthcare_care_plan,group_healthcare_manager,1,1,1,1
access_healthcare_care_plan_line_user,healthcare.care.plan.line.user,model_healthcare_care_plan_line,group_healthcare_user,1,0,0,0
access_healthcare_care_plan_line_coordinator,healthcare.care.plan.line.coordinator,model_healthcare_care_plan_line,group_healthcare_coordinator,1,1,1,0
access_healthcare_care_plan_line_manager,healthcare.care.plan.line.manager,model_healthcare_care_plan_line,group_healthcare_manager,1,1,1,1
access_healthcare_referral_user,healthcare.referral.user,model_healthcare_referral,group_healthcare_user,1,0,0,0
access_healthcare_referral_gp,healthcare.referral.gp,model_healthcare_referral,group_healthcare_gp,1,1,1,0
access_healthcare_referral_manager,healthcare.referral.manager,model_healthcare_referral,group_healthcare_manager,1,1,1,1
access_healthcare_disease_type_user,healthcare.disease.type.user,model_healthcare_disease_type,group_healthcare_user,1,0,0,0
access_healthcare_disease_type_manager,healthcare.disease.type.manager,model_healthcare_disease_type,group_healthcare_manager,1,1,1,1
access_healthcare_disease_registry_user,healthcare.disease.registry.user,model_healthcare_disease_registry,group_healthcare_user,1,0,0,0
access_healthcare_disease_registry_coordinator,healthcare.disease.registry.coordinator,model_healthcare_disease_registry,group_healthcare_coordinator,1,1,1,0
access_healthcare_disease_registry_manager,healthcare.disease.registry.manager,model_healthcare_disease_registry,group_healthcare_manager,1,1,1,1
access_healthcare_dashboard_user,healthcare.dashboard.user,model_healthcare_dashboard,group_healthcare_user,1,1,1,1
access_healthcare_lab_test_type_user,healthcare.lab.test.type.user,model_healthcare_lab_test_type,group_healthcare_user,1,0,0,0
access_healthcare_lab_test_type_manager,healthcare.lab.test.type.manager,model_healthcare_lab_test_type,group_healthcare_manager,1,1,1,1
access_healthcare_lab_request_user,healthcare.lab.request.user,model_healthcare_lab_request,group_healthcare_user,1,0,0,0
access_healthcare_lab_request_gp,healthcare.lab.request.gp,model_healthcare_lab_request,group_healthcare_gp,1,1,1,0
access_healthcare_lab_request_manager,healthcare.lab.request.manager,model_healthcare_lab_request,group_healthcare_manager,1,1,1,1
access_healthcare_lab_request_line_user,healthcare.lab.request.line.user,model_healthcare_lab_request_line,group_healthcare_user,1,0,0,0
access_healthcare_lab_request_line_gp,healthcare.lab.request.line.gp,model_healthcare_lab_request_line,group_healthcare_gp,1,1,1,0
access_healthcare_lab_request_line_manager,healthcare.lab.request.line.manager,model_healthcare_lab_request_line,group_healthcare_manager,1,1,1,1
access_healthcare_medicine_user,healthcare.medicine.user,model_healthcare_medicine,group_healthcare_user,1,0,0,0
access_healthcare_medicine_manager,healthcare.medicine.manager,model_healthcare_medicine,group_healthcare_manager,1,1,1,1
access_healthcare_prescription_user,healthcare.prescription.user,model_healthcare_prescription,group_healthcare_user,1,0,0,0
access_healthcare_prescription_gp,healthcare.prescription.gp,model_healthcare_prescription,group_healthcare_gp,1,1,1,0
access_healthcare_prescription_manager,healthcare.prescription.manager,model_healthcare_prescription,group_healthcare_manager,1,1,1,1
access_healthcare_prescription_line_user,healthcare.prescription.line.user,model_healthcare_prescription_line,group_healthcare_user,1,0,0,0
access_healthcare_prescription_line_gp,healthcare.prescription.line.gp,model_healthcare_prescription_line,group_healthcare_gp,1,1,1,0
access_healthcare_prescription_line_manager,healthcare.prescription.line.manager,model_healthcare_prescription_line,group_healthcare_manager,1,1,1,1
access_healthcare_allied_session_user,healthcare.allied.session.user,model_healthcare_allied_session,group_healthcare_user,1,0,0,0
access_healthcare_allied_session_gp,healthcare.allied.session.gp,model_healthcare_allied_session,group_healthcare_gp,1,1,1,0
access_healthcare_allied_session_coordinator,healthcare.allied.session.coordinator,model_healthcare_allied_session,group_healthcare_coordinator,1,1,1,0
access_healthcare_allied_session_manager,healthcare.allied.session.manager,model_healthcare_allied_session,group_healthcare_manager,1,1,1,1
access_healthcare_ward_user,healthcare.ward.user,model_healthcare_ward,group_healthcare_user,1,0,0,0
access_healthcare_ward_manager,healthcare.ward.manager,model_healthcare_ward,group_healthcare_manager,1,1,1,0
access_healthcare_ward_admin,healthcare.ward.admin,model_healthcare_ward,group_healthcare_admin,1,1,1,1
access_healthcare_room_user,healthcare.room.user,model_healthcare_room,group_healthcare_user,1,0,0,0
access_healthcare_room_manager,healthcare.room.manager,model_healthcare_room,group_healthcare_manager,1,1,1,0
access_healthcare_room_admin,healthcare.room.admin,model_healthcare_room,group_healthcare_admin,1,1,1,1
access_healthcare_bed_user,healthcare.bed.user,model_healthcare_bed,group_healthcare_user,1,0,0,0
access_healthcare_bed_gp,healthcare.bed.gp,model_healthcare_bed,group_healthcare_gp,1,1,0,0
access_healthcare_bed_coordinator,healthcare.bed.coordinator,model_healthcare_bed,group_healthcare_coordinator,1,1,0,0
access_healthcare_bed_manager,healthcare.bed.manager,model_healthcare_bed,group_healthcare_manager,1,1,1,0
access_healthcare_bed_admin,healthcare.bed.admin,model_healthcare_bed,group_healthcare_admin,1,1,1,1
access_healthcare_admission_user,healthcare.admission.user,model_healthcare_admission,group_healthcare_user,1,0,0,0
access_healthcare_admission_gp,healthcare.admission.gp,model_healthcare_admission,group_healthcare_gp,1,1,1,0
access_healthcare_admission_coordinator,healthcare.admission.coordinator,model_healthcare_admission,group_healthcare_coordinator,1,1,1,0
access_healthcare_admission_manager,healthcare.admission.manager,model_healthcare_admission,group_healthcare_manager,1,1,1,1
access_healthcare_admission_admin,healthcare.admission.admin,model_healthcare_admission,group_healthcare_admin,1,1,1,1
access_healthcare_bed_transfer_user,healthcare.bed.transfer.user,model_healthcare_bed_transfer,group_healthcare_user,1,0,0,0
access_healthcare_bed_transfer_gp,healthcare.bed.transfer.gp,model_healthcare_bed_transfer,group_healthcare_gp,1,1,1,0
access_healthcare_bed_transfer_coordinator,healthcare.bed.transfer.coordinator,model_healthcare_bed_transfer,group_healthcare_coordinator,1,1,1,0
access_healthcare_bed_transfer_manager,healthcare.bed.transfer.manager,model_healthcare_bed_transfer,group_healthcare_manager,1,1,1,1
access_healthcare_bed_transfer_admin,healthcare.bed.transfer.admin,model_healthcare_bed_transfer,group_healthcare_admin,1,1,1,1
access_healthcare_bed_transfer_wizard_gp,healthcare.bed.transfer.wizard.gp,model_healthcare_bed_transfer_wizard,group_healthcare_gp,1,1,1,1
access_healthcare_bed_transfer_wizard_coordinator,healthcare.bed.transfer.wizard.coordinator,model_healthcare_bed_transfer_wizard,group_healthcare_coordinator,1,1,1,1
access_healthcare_bed_transfer_wizard_manager,healthcare.bed.transfer.wizard.manager,model_healthcare_bed_transfer_wizard,group_healthcare_manager,1,1,1,1
access_healthcare_patient_portal,healthcare.patient.portal,model_healthcare_patient,base.group_portal,1,0,0,0
access_healthcare_appointment_portal,healthcare.appointment.portal,model_healthcare_appointment,base.group_portal,1,0,0,0
access_healthcare_care_plan_portal,healthcare.care.plan.portal,model_healthcare_care_plan,base.group_portal,1,0,0,0
access_healthcare_care_plan_line_portal,healthcare.care.plan.line.portal,model_healthcare_care_plan_line,base.group_portal,1,0,0,0
access_healthcare_lab_request_portal,healthcare.lab.request.portal,model_healthcare_lab_request,base.group_portal,1,0,0,0
access_healthcare_lab_request_line_portal,healthcare.lab.request.line.portal,model_healthcare_lab_request_line,base.group_portal,1,0,0,0
access_healthcare_prescription_portal,healthcare.prescription.portal,model_healthcare_prescription,base.group_portal,1,0,0,0
access_healthcare_prescription_line_portal,healthcare.prescription.line.portal,model_healthcare_prescription_line,base.group_portal,1,0,0,0
access_healthcare_disease_type_portal,healthcare.disease.type.portal,model_healthcare_disease_type,base.group_portal,1,0,0,0
access_healthcare_medicine_portal,healthcare.medicine.portal,model_healthcare_medicine,base.group_portal,1,0,0,0
access_healthcare_lab_test_type_portal,healthcare.lab.test.type.portal,model_healthcare_lab_test_type,base.group_portal,1,0,0,0
access_healthcare_alert_user,healthcare.alert.user,model_healthcare_alert,group_healthcare_user,1,1,0,0
access_healthcare_alert_manager,healthcare.alert.manager,model_healthcare_alert,group_healthcare_manager,1,1,1,1
access_healthcare_population_report_user,healthcare.population.report.user,model_healthcare_population_report,group_healthcare_user,1,0,0,0
access_healthcare_demo_seeder_admin,healthcare.demo.seeder.admin,model_healthcare_demo_seeder,group_healthcare_admin,1,1,1,1
